{
  "korean": "한국어",
  "english": "English",
  "vietnamese": "Tiếng Việt",
  "t001": "일일목표 달성!",
  "t002": "오늘의 학습 목표를 달성했어요!",
  "t003": "일일목표 어워드 획득!",
  "t004": "대단해요! 일일 학습 목표를 누적 {{num}}회 달성했어요!",
  "t005": "연속학습 달성!",
  "t006": "아자아자! 매일 독서 습관이 쌓여가고 있어요!",
  "t007": "연속학습 어워드 획득!",
  "t008": "멋져요! 연속학습을 누적 {{num}}회 달성했어요!",
  "t009": "새로운 성장 스토리 잠금해제!",
  "t010": "퀘스트 메뉴에서 확인해 보세요!",
  "t011": "레벨 마스터 배지 획득!",
  "t012": "훌륭해요! {{txt}} 레벨의 수준을 모두 마스터했어요!",
  "t013": "영어독서왕 챌린지 어워드 획득!",
  "t014": "축하합니다! 영어독서왕에 등극하셨어요!",
  "t015": "캘린더",
  "t016": "간편보기",
  "t017": "상세보기",
  "t018": "출석일수 {{num}}일",
  "t019": "일일목표 달성 {{num}}건",
  "t020": "(하루 +{{num}}P 획득하기)",
  "t021": "(하루 {{num}}권씩 학습하기)",
  "t022": "학습 권 수",
  "t023": "{{num}}권",
  "t024": "누적독서 - {{num}}권 돌파",
  "t025": "레벨 마스터 달성 - {{txt}}",
  "t026": "목표변경 - 하루 {{num}}권 읽기",
  "t027": "목표변경 - 하루 {{num}}P 획득",
  "t028": "홈",
  "t029": "소개",
  "t030": "체험",
  "t031": "학습",
  "t032": "결과",
  "t033": "랭킹",
  "t034": "나의 RG",
  "t035": "프로필",
  "t036": "프로필 수정",
  "t037": "아바타 선택",
  "t038": "일일목표 어워드",
  "t039": "연속 학습 어워드",
  "t040": "챌린지 어워드 (영어독서왕 시상)",
  "t041": "레벨 마스터",
  "t042": "일일목표 설정",
  "t043": "나의 학습 레벨",
  "t044": "학습설정",
  "t045": "목표달성",
  "t046": "연속학습 어워드",
  "t047": "챌린지",
  "t048": "영어독서왕 시상",
  "t049": "퀘스트",
  "t050": "로그아웃",
  "t051": "남은 학습 기간",
  "t052": "{{num}}일",
  "t053": "{{num1}}/{{num2}}권 학습하기",
  "t054": "{{num1}}/{{num2}}P 획득하기",
  "t055": "일일목표",
  "t056": "계정 정보",
  "t057": "1:1 챗봇상담",
  "t058": "총 학습 권 수",
  "t060": "총 획득 포인트",
  "t062": "미정",
  "t063": "3세",
  "t064": "4세",
  "t065": "5세",
  "t066": "6세",
  "t067": "7세",
  "t068": "초1",
  "t069": "초2",
  "t070": "초3",
  "t071": "초4",
  "t072": "초5",
  "t073": "초6",
  "t074": "중1",
  "t075": "중2",
  "t076": "중3",
  "t077": "고1",
  "t078": "고2",
  "t079": "고3",
  "t080": "학생이름",
  "t081": "학년",
  "t082": "수정 완료",
  "t083": "선택 완료",
  "t084": "일일목표를 완료하여 25일 마다 새로운 어워드를 획득해 보세요.",
  "t085": "아직 받은 어워드가 없어요.",
  "t086": "일일목표 {{num}}회 달성",
  "t087": "연속학습을 진행하여 20일 마다 새로운 어워드를 획득해 보세요.",
  "t088": "연속 학습 {{num}}일 달성",
  "t089": "영어독서왕 챌린지에 도전하고 상품과 어워드를 획득해 보세요.",
  "t090": "레벨별 학습 포인트를 모아서 레벨 마스터 어워드를 획득하세요.",
  "t091": "나의 목표 달성 방법은?",
  "t092": "포인트 획득하기",
  "t093": "학습 완료하기",
  "t094": "목표 설정",
  "t095": "매일 {{num}}권씩 학습",
  "t096": "매일 {{num}}P 획득",
  "t097": "변경",
  "t098": "설정",
  "t099": "목표 변경 이력",
  "t101": "현재 수준",
  "t102": "레벨 테스트",
  "t103": "학습 중인 레벨",
  "t104": "현재 학습 중인 레벨이 표시됩니다. 아래 메뉴를 탭 해서 학습 레벨을 변경할 수도 있어요.",
  "t105": "Pre K (유치원 수준)",
  "t106": "KA (초등 저학년 A단계)",
  "t107": "KB (초등 저학년 B단계)",
  "t108": "KC (초등 저학년 C단계)",
  "t109": "1A (초등 고학년 A단계)",
  "t110": "1B (초등 고학년 B단계)",
  "t111": "1C (초등 고학년 C단계)",
  "t112": "2A (중등 수준)",
  "t113": "2B (중등 수준)",
  "t114": "2C (중등 수준)",
  "t115": "3A (중등 수준)",
  "t116": "3B (중등 수준)",
  "t117": "3C (중등 수준)",
  "t118": "4A (고등 수준)",
  "t119": "4B (고등 수준)",
  "t120": "4C (고등 수준)",
  "t121": "5A (고등 수준)",
  "t122": "5B (고등 수준)",
  "t123": "5C (고등 수준)",
  "t124": "6A (고등 수준)",
  "t125": "6B (고등 수준)",
  "t126": "6C (고등 수준)",
  "t127": "전체 레벨",
  "t128": "전체 레벨과 레벨업 진행 상태를 확인할 수 있어요. 레벨업을 완료하면 레벨 마스터 배지가 표시됩니다.",
  "t129": "선택한 레벨로 <b>학습 중인 레벨</b>을 변경하시겠어요?",
  "t130": "예",
  "t131": "아니오",
  "t132": "레벨 테스트 이력",
  "t133": "레벨 테스트 응시 결과를 확인할 수 있어요. 레벨 테스트 2회차 이후는 180일이 지났을 때부터 재응시할 수 있어요.",
  "t134": "레벨 테스트 이력이 없어요.",
  "t135": "현재 <b>레벨 테스트</b>를 응시할 수 있습니다.",
  "t136": "레벨 테스트 응시하기",
  "t137": "레벨 테스트 결과:",
  "t138": "알림",
  "t139": "공지사항",
  "t140": "학습 결과",
  "t141": "학습을 완료하여 10.2P를 획득했어요.",
  "t142": "일일 목표",
  "t143": "일일목표를 달성했어요.",
  "t144": "퀘스트 / 레벨 마스터",
  "t145": "Level KA를 마스터했어요.",
  "t146": "어워드 / 연속 학습",
  "t147": "20일 연속 학습을 달성했어요.",
  "t148": "일일 목표를 25일 달성했어요.",
  "t149": "챌린지 / 영어 독서왕",
  "t150": "영어 독서왕 챌린지에서 우수상에 도달했어요.",
  "t151": "퀘스트 / 도도 앤 프렌즈",
  "t152": "Chello의 스토리가 해제되었어요",
  "t153": "도도와 친구들",
  "t154": "학습 포인트를 모아서 친구들의 성장 스토리를 잠금 해제하세요!",
  "t155": "다음 스토리 잠금 해제까지",
  "t156": "레벨별 학습 포인트를 모아서 레벨 마스터를 달성해 보세요!",
  "t157": "학습중인 레벨",
  "t158": "완료한 레벨",
  "t160": "획득한 포인트",
  "t161": "읽은 권 수",
  "t162": "{{num}}권",
  "t163": "학습 메인",
  "t164": "챌린지 참여 현황 보기",
  "t165": "영어 독서왕 대회가 시작되면 챌린지 참여 현황이 활성화됩니다.",
  "t166": "eBook 스토리",
  "t167": "eBook 학습에서 스토리가 자동으로 2회 반복 재생 됩니다.",
  "t168": "퀴즈 풀기",
  "t169": "타이핑 방식의 Practice는 문제마다 건너뛸 수 있고, Test는 주어진 기회만큼 힌트가 제공됩니다.",
  "t170": "주어진 기회만큼 정답을 획득하고 다음 문제로 건너뛸 수 있습니다.",
  "t171": "연속학습",
  "t172": "매일 1권 이상 학습을 완료하여 연속학습을 이어가 보세요!",
  "t173": "매일 1권 이상의 학습을 20일간 연속으로 완료해 보세요!",
  "t174": "지금까지",
  "t175": "일째 달성</span>중!!",
  "t176": "학생 이름을 입력해주세요.",
  "t177": "올바른 이름을 입력해주세요.",
  "t178": "변경할 수 없습니다.",
  "t179": "이름이 변경되었습니다.",
  "t180": "현재 사용중인 비밀번호를 입력해주세요.",
  "t181": "새로운 비밀번호를 입력해주세요.",
  "t182": "기존 비밀번호와 다르게 설정해주세요.",
  "t183": "비밀번호는 소문자, 숫자 조합 {{num1}}~{{num2}}글자로 입력해 주세요.",
  "t184": "비밀번호는 영문 대문자, 영문 소문자, 숫자, 특수문자 조합 {{num1}}~{{num2}}글자로 입력해 주세요.",
  "t185": "비밀번호가 변경되었습니다.",
  "t186": "학습 리포트, 소식 등 알림을 받으려면 수신할 휴대전화번호가 필요합니다. 연락처 칸에서 휴대전화번호를 등록해 주세요.",
  "t187": "학습리포트, 소식 등의 알림에 수신 동의하였습니다.",
  "t188": "학습리포트, 소식 등의 알림에 수신 거부하였습니다.",
  "t189": "계정정보",
  "t190": "회원, 결제 정보",
  "t191": "남은 학습 기간: {{num}}일,",
  "t192": "학습 만료일: {{txt}}",
  "t193": "결제하기",
  "t194": "편집",
  "t195": "저장",
  "t196": "연락처 (휴대전화번호)",
  "t197": "본인인증",
  "t198": "학습 리포트, 소식 등 알림 받기",
  "t199": "결제 상세 정보",
  "t200": "학습 일시 중지",
  "t201": "회원 탈퇴",
  "t202": "비밀번호",
  "t203": "현재 비밀번호",
  "t204": "취소",
  "t205": "변경할 비밀번호",
  "t206": "리딩게이트",
  "t207": "읽는 즐거움, 커가는 영어실력",
  "t208": "계정추가",
  "t209": "입장 시 비밀번호 입력하기",
  "t210": "선택한 계정을 목록에서 삭제하시겠어요?",
  "t211": "목록에서 계정 삭제",
  "t212": "비밀번호 입력",
  "t213": "비밀번호 저장",
  "t214": "로그인",
  "t215": "비밀번호를 입력해주세요.",
  "t216": "비밀번호를 다시 입력해주세요.",
  "t217": "비밀번호가 일치하지 않습니다.",
  "t218": "비밀번호 설정에 실패하였습니다.",
  "t220": "비밀번호를 올바르게 입력해 주세요.",
  "t221": "입력한 비밀번호를 한번 더 입력해 주세요.",
  "t222": "비밀번호 변경",
  "t223": "ID찾기를 지원하지 않는 고객사입니다. 고객센터로 문의해주세요.",
  "t224": "가입된 회원이 아닙니다.",
  "t225": "아이디 찾기",
  "t226": "회원 정보에 등록한 연락처(휴대전화 번호)를 입력해 주세요.",
  "t227": "회원 정보에 등록한 E-Mail 주소를 입력해 주세요.",
  "t228": "연락처로 찾기",
  "t229": "E-Mail로 찾기",
  "t230": "연락처",
  "t231": "찾기",
  "t232": "이름",
  "t233": "아이디",
  "t234": "가입일",
  "t235": "ID를 찾을 수 없습니다. 고객센터로 문의하여 주시기 바랍니다.",
  "t236": "반",
  "t237": "소속반",
  "t238": "비밀번호 찾기를 지원하지 않는 고객사입니다. 고객센터로 문의해주세요.",
  "t239": "사용자 정보를 찾을 수 없습니다.",
  "t240": "동일한 이메일을 여러 계정에서 사용중이라 이메일인증을 할 수 없습니다. 고객센터로 문의하여 주십시오.",
  "t241": "이메일 정보를 찾을 수 없습니다.",
  "t242": "이메일 정보가 잘못되었습니다.",
  "t243": "이메일을 발송하지 못하였습니다. 계속해서 이 메시지가 나오면 고객센터로 문의하여 주십시오.",
  "t244": "인증 정보가 올바르지 않습니다.",
  "t245": "인증 유효 시간이 만료되었습니다.",
  "t246": "비밀번호 찾기 오류가 발생하였습니다. 계속해서 이 메시지가 나오면 고객센터로 문의하여 주십시오.",
  "t247": "비밀번호 찾기",
  "t248": "회원 정보에 등록한 아이디를 입력해 주세요.",
  "t249": "아이디로 찾기",
  "t250": "{{txt}}로 인증코드를 발송했습니다. 현 시간 기준, 10분 안에 인증을 완료해 주세요.",
  "t251": "인증코드 입력",
  "t252": "인증하기",
  "t253": "인증코드 재전송하기",
  "t254": "{{txt}}로 임시비밀번호를 전송하였습니다. 로그인 후 비밀번호를 변경하여 사용하시기 바랍니다.",
  "t255": "준비중입니다.",
  "t256": "계정 목록",
  "t257": "아이디와 비밀번호는 '{{txt}}'에서 발급해 드려요.",
  "t258": "개인 회원",
  "t259": "그룹 회원",
  "t260": "(학교, 학원)",
  "t261": "서비스 이용을 위해 <b>접속할 국가</b>를 선택해 주세요.",
  "t262": "학교 또는 학원 이름 검색",
  "t263": "검색하기",
  "t264": "검색 결과가 없습니다. 검색한 학교, 학원 이름을 다시 확인해 보세요.",
  "t265": "검색 결과",
  "t266": "아이디 (또는 e-mail)",
  "t267": "회원가입",
  "t268": "학교나 학원에서 사용 안내를 받은 경우, 검색 후 이용해 주세요.",
  "t269": "학생정보를 찾을 수 없습니다. 고객센터로 문의하여 주시기 바랍니다.",
  "t270": "아이디 로그인",
  "t271": "학년반 로그인",
  "t272": "학년 선택",
  "t273": "반 선택",
  "t274": "'{{txt}}'에서 재학중인 학생만 이용할 수 있어요.",
  "t275": "회원가입을 지원하지 않는 고객사입니다. 고객센터에 문의하세요.",
  "t276": "E-Mail을 입력해주세요.",
  "t277": "E-Mail을 형식에 맞게 입력해주세요.",
  "t278": "만 14세 이상만 가입 가능합니다.",
  "t279": "이용약관은 필수 동의항목입니다.",
  "t280": "개인정보 처리방침은 필수 동의항목입니다.",
  "t281": "다른 사용자가 사용중인 Email입니다.",
  "t282": "Email을 발송할 수 없습니다. 계속해서 이 메시지가 나오면 고객센터로 문의하여 주십시오.",
  "t283": "오류가 발생하였습니다.",
  "t284": "회원가입 오류가 발생하였습니다. 계속해서 이 메시지가 나오면 고객센터로 문의하여 주십시오.",
  "t285": "잘못된 접근입니다.",
  "t286": "리딩게이트 회원가입",
  "t287": "[웰컴 혜택] 가입일로부터 7일간 레벨테스트를 제외한 모든 학습 무료 사용!",
  "t288": "리딩게이트 학습을 하게될 학생의 이름을 입력해 주세요.",
  "t289": "학생 이름",
  "t290": "학생 이름을 올바르게 입력해 주세요.",
  "t291": "로그인 ID로 사용할 E-Mail 주소를 입력해 주세요.",
  "t292": "E-Mail (예: student@readinggate.com)",
  "t293": "E-Mail을 올바르게 입력해 주세요.",
  "t294": "비밀번호 확인",
  "t295": "[필수] 본 회원가입 작성자는 만 14세 이상입니다.",
  "t296": "[필수]",
  "t297": "이용약관",
  "t298": "을 확인하였으며 해당 내용에 동의 합니다.",
  "t299": "개인정보 처리방침",
  "t300": "계속하기",
  "t301": "비밀번호를 형식에 맞게 입력해주세요.",
  "t302": "오류",
  "t303": "비밀번호는 영문 대문자, 영문 소문자, 숫자, 특수문자 조합 {{num1}}~{{num2}}글자로 입력해 주세요.",
  "t304": "전화번호 입력",
  "t305": "인증번호 요청",
  "t306": "회원가입 완료",
  "t307": "회원정보",
  "t308": "로그인 ID",
  "t309": "학습 결과 리포트, 정기적인 소식 등 유용한 정보를 받으시겠어요?",
  "t310": "소식받기",
  "t311": "학습 둘러보기",
  "t312": "홈페이지",
  "t313": "학생 수기",
  "t314": "학부모 수기",
  "t315": "RG인 인터뷰",
  "t316": "SNS 후기",
  "t317": "메인",
  "t318": "명예의 전당",
  "t319": "활용수기",
  "t320": "RG 멤버십",
  "t321": "고객센터",
  "t322": "학습 기간이 종료되었습니다.",
  "t323": "학습 기간이 {{num}}일 남았습니다.",
  "t324": "[캠페인] 자랑스러운 리게인을 찾습니다!",
  "t325": "공지",
  "t326": "RG 소식",
  "t327": "뉴스레터",
  "t328": "신규콘텐츠",
  "t329": "인포그래픽",
  "t330": "영어독서왕",
  "t331": "슈퍼스타",
  "t332": "기부캠페인",
  "t333": "자세히 보기",
  "t334": "구매하러 가기",
  "t335": "멤버십 소개",
  "t336": "환불 규정",
  "t337": "이용 약관",
  "t338": "소속반 선택",
  "t339": "선택",
  "t340": "Todo에 추가되었습니다.",
  "t341": "Todo에 추가할 수 없습니다.",
  "t342": "Favorite에 추가되었습니다.",
  "t343": "Favorite에 추가할 수 없습니다.",
  "t344": "학습 상태",
  "t345": "모든 학습",
  "t346": "미완료 학습",
  "t347": "완료한 학습",
  "t348": "정렬 방법",
  "t349": "선호도순",
  "t350": "인기순",
  "t351": "업데이트순",
  "t352": "포인트순",
  "t353": "장르별",
  "t354": "모든 장르",
  "t355": "영어독서왕 목표 달성을 위한 포인트와 학습일 수가 부족해요. 다음에 다시 도전해 주세요.",
  "t356": "기본 정렬",
  "t357": "영어독서왕에 도전해 보세요! 나의 목표를 설정하고 대회 기간 안에 목표를 달성하세요! (하루 최대 얻을 수 있는 포인트는 150P입니다.)",
  "t358": "알파벳",
  "t359": "파닉스1",
  "t360": "파닉스2",
  "t361": "사이트워드1",
  "t362": "사이트워드2",
  "t363": "파닉스",
  "t364": "DODO와 함께 영어의 기초를 즐겁게 배워보세요!",
  "t365": "워드",
  "t366": "스토리",
  "t367": "순서에 따라 영어의 기초를 즐겁게 배워보세요!",
  "t368": "완료된 학습",
  "t369": "Favorite 도서 삭제중 일시적인 오류가 발생하였습니다.",
  "t370": "이곳에서 학습 정보창의 하트 버튼을 눌러 추가한 도서들을 볼 수 있어요.",
  "t371": "작업 취소",
  "t372": "내보내기",
  "t373": "삭제 취소",
  "t374": "삭제",
  "t375": "선택한 도서를 삭제하기",
  "t376": "진행중인 학습",
  "t377": "최신순",
  "t378": "오래된순",
  "t379": "학습중 우선",
  "t380": "학습전 우선",
  "t381": "과제를 삭제하는 중에 일시적인 오류가 발생하였습니다.",
  "t382": "이곳에서 완료해야 할 학습(최대 200권)을 볼 수 있어요. 완료하지 않은 학습은 추가된 날로부터 60일이 지나면 자동으로 삭제됩니다.",
  "t383": "총 {{num}}권",
  "t384": "현재 완료해야 할 학습은 없어요.",
  "t385": "선택한 과제를 삭제하기",
  "t386": "이곳에서 학습을 완료했지만, 점수가 낮아 ‘통과하지 못한 도서’들을 볼 수 있어요. (통과 점수 {{num}}점)",
  "t387": "목록 다운로드",
  "t388": "과제 전체삭제",
  "t389": "모든 단계",
  "t390": "단어",
  "t391": "입력한 학습 도서를 찾아봤지만 <br /> 표시할 내용이 없어요.",
  "t392": "시리즈",
  "t393": "주제별",
  "t394": "학습 참여일 수",
  "t395": "학습 권수",
  "t396": "순위",
  "t397": "획득한 포인트 / 학습 권수",
  "t398": "나의 참여현황",
  "t399": "마지막 업데이트",
  "t400": "리더보드",
  "t401": "학습한 단어수",
  "t402": "월간 랭킹 - {{num}}월",
  "t403": "전체 랭킹",
  "t404": "월간 랭킹",
  "t405": "나의 학습현황",
  "t406": "포인트 안내",
  "t407": "포인트란?",
  "t408": "최근 {{num}}일",
  "t412": "All {{num}}권",
  "t413": "Passed {{num}}권",
  "t414": "Failed {{num}}권",
  "t415": "기간내 학습 기록을 찾아봤지만<br /> 표시할 내용이 없어요.",
  "t416": "Passed {{num1}}권 (+{{num2}}P)",
  "t418": "구성",
  "t419": "개인정보 취급방침",
  "t420": "B2B",
  "t421": "경기도 성남시 수정구 창업로 43, A동 807~810호 (판교 글로벌비즈 센터) | 대표번호 1599-0533",
  "t422": "대표이사 김용환 ㅣ 사업자 등록 번호 119-86-01044 ㅣ 통신판매번호: 2013-경기성남-0836호 성남교육지원청 등록 제4868호 ㅣ FAX : 070-0826-8660 ㅣ Mail : rgmanager@readinggate.com",
  "t447": "연속학습 {{num}}일 달성",
  "t450": "로딩중",
  "t451": "제목",
  "t452": "날짜",
  "t453": "뒤로가기",
  "t454": "목록보기",
  "t455": "읽는 즐거움",
  "t456": "커가는 영어실력",
  "t457": "학습하기",
  "t458": "오늘 완료한 학습은 추가할 수 없습니다. 복습을 원하시면 결과 페이지에서 ‘다시 보기’를 통해 학습하세요. (단, 학습을 완료하더라도 포인트는 획득할 수 없습니다.)",
  "t459": "학습을 추가할 수 없습니다.",
  "t460": "Easy 모드 완료 시 {{num}}P 획득",
  "t461": "Full 모드 완료 시 {{num}}P 획득",
  "t462": "학습 1회 완료 시 {{num}}P 획득",
  "t463": "학습 2회 완료 시 {{num}}P 획득",
  "t464": "Full 모드 완료 (+{{num}}P)",
  "t465": "Easy 모드 완료 (+{{num}}P)",
  "t466": "학습 1회 완료 (+{{num}}P)",
  "t467": "학습 2회 완료 (+{{num}}P)",
  "t468": "학습 정보",
  "t469": "학습 레벨",
  "t470": "북코드",
  "t471": "페이지수",
  "t472": "단어수",
  "t473": "등급",
  "t474": "장르",
  "t475": "학습횟수",
  "t476": "포인트",
  "t477": "보너스 학습",
  "t478": "Favorite에서 학습을 삭제할까요?",
  "t479": "Favorite에 학습을 추가할까요?",
  "t480": "To-Do에서 학습을 삭제할까요?",
  "t481": "To-Do에 학습을 추가할까요?",
  "t482": "DODO ABC",
  "t483": "알파벳, 파닉스 배우기",
  "t484": "PRE K (classic)",
  "t485": "스토리 읽기와 학습",
  "t486": "종이책 읽고, 온라인 퀴즈",
  "t487": "이달의 신규 학습 도서",
  "t488": "Listening 강화 훈련",
  "t489": "Writing 강화 훈련",
  "t490": "도서 찾기",
  "t491": "검색",
  "t492": "분류별 탐색",
  "t493": "학습 도서 목록",
  "t494": "마음에 드는 책을 골라 읽고 학습해 보세요!",
  "t495": "pBook은 퀴즈만 제공해요. 종이책을 먼저 읽고 학습하세요!",
  "t496": "학습 도서가 발견되지 않았어요.<br />(필터 설정을 확인해 보세요)",
  "t497": "다시 보기",
  "t498": "시작",
  "t499": "복습",
  "t500": "초등학교 저학년 권장레벨",
  "t501": "초등학교 고학년 권장레벨",
  "t502": "중학교 권장레벨",
  "t503": "고등학교 권장레벨",
  "t504": "레벨별 탐색",
  "t505": "레벨별로 학습 진행율을 확인하고 학습 도서를 탐색해 볼 수 있어요.",
  "t506": "이 레벨의 시리즈",
  "t507": "이 레벨과 연관된 학습 도서 시리즈를 찾아볼 수 있어요!",
  "t508": "주제별 학습 도서",
  "t509": "주제별로 연관된 학습 도서를 찾아볼 수 있어요!",
  "t510": "더보기",
  "t511": "선택한 도서",
  "t517": "시작할 단계를 선택하세요.",
  "t518": "일단 시작해 보세요. 언제든지 변경 가능합니다.",
  "t519": "유치원 수준의 알파벳, 파닉스, 사이트 워드",
  "t520": "초등 저학년",
  "t521": "기본 어휘학습, 짧은 스토리 이해",
  "t522": "초등 고학년",
  "t523": "스스로 읽기 능력 향상, 다양한 주제의 스토리",
  "t524": "중등 이상",
  "t525": "독립적 읽기 완성, 논픽션 심화",
  "t526": "필터",
  "t527": "필터 설정",
  "t528": "부가 설정",
  "t529": "설정 안함",
  "t530": "학습 1회차를 Full모드로 완료함",
  "t531": "학습 1회차를 Easy모드로 완료함",
  "t532": "학생 랭킹",
  "t533": "다독(포인트)",
  "t534": "단어장",
  "t535": "워크시트",
  "t536": "리포트 출력",
  "t537": "학습 리포트",
  "t538": "Step별 점수",
  "t539": "학습일",
  "t540": "총점",
  "t541": "Speak (학습 완료)",
  "t542": "복습하기",
  "t543": "영상시청",
  "t544": "학습결과",
  "t545": "첨삭 상태",
  "t546": "첨삭 점수",
  "t547": "도서 또는 시리즈명",
  "t548": "학습 캐릭터",
  "t549": "학습 캐릭터는 '퀘스트'에서 새로운 친구의 스토리를 잠금 해제할 때마다 자동으로 추가 됩니다.",
  "t551": "대표이사 김용환",
  "t552": "사업자 등록 번호",
  "t553": "통신판매번호: 2013-경기성남-0836호 성남교육지원청 등록 제4868호",
  "t554": "대표번호",
  "t555": "리딩게이트 고객센터",
  "t556": "평일 09:00~18:00 / 점심시간 12:30~13:30",
  "t557": "기초",
  "t558": "도서",
  "t559": "{{num}}일 달성하였습니다!",
  "t560": "",
  "t561": "{{num1}}일 달성까지 {{num2}}일 남았어요!",
  "t562": "",
  "t563": "",
  "t564": "연속 학습은 20일간 매일 1권 이상 학습 시 어워드와 함께 누적되며, 실패 시 마지막 어워드의 날 수 부터 다시 시작할 수 있어요.",
  "t565": "WOW! 연속 학습",
  "t566": "일 달성!",
  "t567": "연속 학습 어워드 획득까지",
  "t568": "누적 연속 학습",
  "t569": "일",
  "t570": "결제일",
  "t571": "이용권",
  "t572": "결제 수단",
  "t573": "금액",
  "t574": "결제 이력이 없습니다.",
  "t575": "연속학습 어워드 보기",
  "t576": "보기를 선택하면 20일 단위로 획득한 연속 학습 어워드와 누적 기록을 확인할 수 있습니다. 선택하지 않으면 어워드와 누적 기록은 표시되지 않고, 현재 진행중인 실제 연속 학습 일수만 표시됩니다.",
  "t577": "학습 일시중지를 이용할 수 없습니다.",
  "t578": "현재 일시중지 상태입니다.",
  "t579": "학습 일시중지가 가능합니다.",
  "t580": "무료체험 기간에는 학습 일시중지를 이용할 수 없습니다.",
  "t581": "일시중지를 신청한 당일은 일시중지 해제가 불가능합니다.",
  "t582": "학습 일시중지가 신청되었습니다. 지금부터 학습이 불가능합니다.",
  "t583": "학습 일시중지가 해제되었습니다. 지금부터 학습을 시작할 수 있습니다.",
  "t584": "학습 일시중지 변경에 실패하였습니다.",
  "t585": "총 3회 중 {{num}}회 일시중지하였습니다.",
  "t586": "",
  "t587": "",
  "t588": "학습 일시 중지는 연 3회까지 사용할 수 있습니다. 1회 신청 시 30일간 잔여 학습일 수 차감을 막을 수 있으며, 일시 중지 기간 안에 해지할 수도 있습니다.",
  "t589": "(단, 학습 일시 중지 신청 당일은 해지가 안됩니다.)",
  "t590": "일시중지 해제",
  "t591": "일시중지 신청",
  "t592": "학습 일시 중지 해제",
  "t593": "학습 일시 중지 신청",
  "t594": "학습 일시중지를 해제하면 오늘부터 잔여학습일수가 차감됩니다. 학습은 일시중지 해제 이후 즉시 가능합니다. 학습 일시중지를 해제하시겠습니까?",
  "t595": "학습 일시중지는 유료회원에 한하여 아이디당 연 3회까지 사용할 수 있으며 1회 신청시 자동으로 30일 중지되고, 기간 종료 익일부터 자동으로 잔여 학습일수가 차감됩니다. 학습 일시중지를 신청한 당일에는 해지를 할 수 없습니다. 학습을 중지하시겠습니까?",
  "t596": "잔여학습일이 남아있는 경우에는 회원탈퇴를 할 수 없습니다. 고객센터로 문의해주세요.",
  "t597": "회원 탈퇴 및 계정 삭제",
  "t598": "회원탈퇴가 완료되었습니다. 그동안 이용해주셔서 감사합니다.",
  "t599": "1:단순한 변심",
  "t600": "2:기대에 미치지 못한 콘텐츠",
  "t601": "3:타 사이트 유사 서비스 이용을 위해",
  "t602": "4:잦은 서비스 오류 및 장애",
  "t603": "5:불만족스러운 서비스",
  "t604": "6:개인정보 변경을 위한 재가입",
  "t605": "7:학습 동기의 저하",
  "t606": "8:학습자의 환경변화 (학년 이동, 이사, 이민 등)",
  "t607": "9:기타",
  "t609": "탈퇴 사유",
  "t611": "기타 사유를 입력해주세요.",
  "t612": "탈퇴하기",
  "t614": "회원 탈퇴를 완료하려면 아래 보안 코드를 입력해 주세요. 회원 탈퇴가 완료되면 사용자의 계정과 학습 데이터가 영구적으로 삭제됩니다. 이 작업은 완료후 절대로 되돌릴 수 없습니다.",
  "t615": "보안 코드",
  "t616": "화면에 보이는 보안코드를 입력해주세요.",
  "t617": "사유",
  "t618": "계정 영구 삭제",
  "t620": "전화번호를 입력해 주세요.",
  "t621": "인증번호 요청에 실패하였습니다.",
  "t622": "인증번호를 다시 요청해주세요.",
  "t623": "전화번호가 변경되었습니다.",
  "t624": "인증에 실패하였습니다.",
  "t625": "연속학습 보기 설정",
  "t626": "인증번호 받기",
  "t627": "전화번호 (- 없이 입력)",
  "t628": "입력한 전화번호로 인증번호를 발송했습니다.",
  "t629": "인증번호",
  "t630": "입력한 인증번호가 정확하지 않습니다. 올바른 인증번호를 입력해 주세요.",
  "t631": "정보 입력",
  "t632": "아이디 찾기 결과",
  "t633": "학교",
  "t634": "학교 이름 검색",
  "t636": "일반' 회원인 경우, 로그인 또는 가입하려면 선택해 주세요.",
  "t638": "학교 또는 학원' 등 기관 회원인 경우, 로그인 하려면 선택해 주세요.",
  "t639": "상품명",
  "t640": "학습기간",
  "t641": "정가",
  "t642": "최종 결제 금액",
  "t644": "이용권을 선택하세요.",
  "t645": "상세 내용이 표시됩니다.",
  "t651": "구매자 정보",
  "t652": "회원 ID",
  "t653": "구매자 연락처",
  "t655": "변경",
  "t656": "변경할 전화번호",
  "t657": "연락받을 전화번호",
  "t658": "(- 없이 입력)",
  "t659": "인증번호 받기",
  "t661": "인증번호 입력",
  "t663": "결제 정보 확인용 개인정보 수집 동의 (필수)",
  "t664": "학습 리포트 및 소식 알림 동의 (선택)",
  "t665": "내역",
  "t666": "반명",
  "t667": "결제 금액",
  "t670": "아직 결제 내역이 없습니다.",
  "t671": "남은 학습기간",
  "t672": "일",
  "t673": "에 종료",
  "t674": "카카오 페이",
  "t675": "신용카드",
  "t676": "실시간 계좌이체",
  "t677": "무통장 입금",
  "t678": "지원하지 않음",
  "t680": "전화번호 형식이 올바르지 않습니다.",
  "t681": "이메일 형식이 올바르지 않습니다.",
  "t683": "결제 방식을 선택해주세요.",
  "t684": "결제에 필요한 기본 정보를 입력 후 결제하기 버튼을 눌러주세요.",
  "t685": "(입력한 연락처와 이메일 주소는 결제 이외의 다른 용도로 사용되지 않습니다.)",
  "t686": "연락처 ('-' 없이 숫자만 입력)",
  "t687": "이메일 주소",
  "t689": "상품 선택",
  "t690": "구매하실 이용권을 선택해주세요.",
  "t691": "연락처를 입력해주세요.",
  "t692": "결제를 진행하기 위해서는 개인정보 수집에 동의하셔야 합니다.",
  "t693": "결제 수단을 선택해주세요.",
  "t694": "결제가 완료 되었습니다.",
  "t695": "사용자정보를 조회하는데 실패하였습니다.",
  "t701": "납입 기한",
  "t702": "결제",
  "t703": "미납 내역이 없습니다.",
  "t704": "미납으로 학습이 제한 되었습니다. 결제 후 이용해주세요.",
  "t705": "결제에 실패하였습니다.",
  "t706": "결제가 진행중인 상태에서 종료하면 과금이 발생할 수 있습니다. 종료하시겠습니까?",
  "t708": "결제 진행 중 입니다.",
  "t709": "티켓을 등록하기 위해서는 개인정보 수집에 동의하셔야 합니다.",
  "t710": "입력한 티켓번호가 잘못되었습니다. 다시 확인해 주세요.",
  "t711": "중복된 티켓번호를 입력할 수 없습니다.",
  "t712": "이용권 등록이 완료되었습니다.",
  "t713": "티켓 등록",
  "t714": "티켓번호를 가지고 있는 경우, 입력해 주세요.",
  "t715": "티켓 추가 입력",
  "t716": "티켓 등록하기",
  "t717": "티켓 등록이 완료되면 즉시 남은 학습 기간에 구매한 날수만큼 합산 됩니다.",
  "t718": "티켓 문자 내 표시된 유효기간을 확인해주시고, 반드시 유효기간 만료 전에 티켓을 등록해 주세요.",
  "t719": "유효기간 내 등록 또는 사용하지 않은 티켓은 전액 환불이 불가능합니다.",
  "t720": "사용한 티켓이나 유효기간이 지난 티켓은 (주)리딩게이트 환불 규정에 따라 부분 환불만 가능합니다.",
  "t721": "티켓등록 결과",
  "t722": "티켓등록에 실패하였습니다.",
  "t723": "유효하지 않는 티켓입니다.",
  "t724": "이미 사용이 완료된 티켓입니다.",
  "t725": "성공적으로 등록 되었습니다.",
  "t726": "입력한 티켓번호가 올바른지 확인해주세요.",
  "t727": "티켓등록에 문제가 발생하였다면 리딩게이트 고객센터(1599-0533)로 문의주세요.",
  "t728": "확인",
  "t729": "알파벳과 숫자만 입력 가능합니다.",
  "t730": "학습 일시중지 중에는 이용권을 구매할 수 없습니다.",
  "t731": "학습 일시중지 중에는 티켓등록을 할 수 없습니다.",
  "t732": "이용권 구매",
  "t734": "구매 내역",
  "t735": "미납 내역",
  "t736": "납입 이력",
  "t739": "이용 안내",
  "t740": "Todo에서 삭제되었습니다.",
  "t741": "Favorite에서 삭제되었습니다.",
  "t742": "학습을 추가할 수 있는 권한이 없습니다.",
  "t743": "레벨테스트는 유료회원만 응시할 수 있습니다.",
  "t744": "레벨테스트를 진행할 수 없습니다.",
  "t745": "대회 기간",
  "t746": "오늘 학습한 기록은 내일 오전 랭킹에 반영됩니다.",
  "t748": "명예의 전당에 등재된 학생들은 Reading Gate의 R포인트를 10,000점 이상 획득한 학생들입니다.",
  "t749": "등급 및 장학 혜택",
  "t752": "등재일",
  "t753": "포인트 / 학습 권수",
  "t754": "최근 30일간 레벨 마스터를 획득한 학생입니다. 오늘 학습한 기록은 내일 오전 랭킹에 반영됩니다.",
  "t755": "번호",
  "t761": "오늘",
  "t762": "학습일수",
  "t763": "180일을 초과하여 검색할 수 없습니다.",
  "t764": "학습일수",
  "t765": "엑셀다운로드",
  "t767": "나가기",
  "t768": "관리하기",
  "t770": "갤러리",
  "t772": "나가기",
  "t774": "미납요금이 있습니다.",
  "t775": "학습 일시중지 기간에는 학습을 시작할 수 없습니다. 학습 일시중지를 해제한 후 이용해주세요.",
  "t782": "RG 포스트",
  "t783": "보러가기",
  "t784": "캠페인",
  "t785": "아직 도착한 소식이 없습니다.",
  "t786": "학습을 시작한 경우, To-Do에서 학습을 지울 수 없습니다.",
  "t788": "이 학습은 {{year}}년 {{month}}월 {{day}}일부터 시작 가능합니다.",
  "t789": "",
  "t790": "",
  "t791": "",
  "t792": "",
  "t793": "시작하기",
  "t794": "다시보기",
  "t795": "이어서하기",
  "t796": "도서 정보를 불러 올 수 없습니다.",
  "t804": "동영상이 포함된 eBook",
  "t808": "워크북 연계 도서",
  "t811": "영어독서왕 챌린지 기간이 아닙니다.",
  "t813": "영어독서왕에 도전해 보세요! 나의 목표를 설정하고 대회 기간 안에 목표를 달성하세요! (하루 150포인트 이상이 되면 당일에는 추가 학습을 할 수 없습니다.)",
  "t814": "나의 목표",
  "t815": "대회 기간 동안 학습일수 {{num}}일 이상 참여",
  "t816": "",
  "t817": "",
  "t818": "포인트 {{num}}P 이상 획득",
  "t819": "",
  "t820": "",
  "t821": "영어독서왕 목표 설정",
  "t822": "{{num}} 포인트 이상",
  "t823": "학습일수 {{num}}일 이상",
  "t824": "참여 현황",
  "t825": "학습을 시작하세요!",
  "t826": "오늘 학습했어요!",
  "t827": "획득한 포인트",
  "t828": "종료일까지",
  "t829": "영어독서왕 선발대회가 시작되었습니다! 참여를 원하시면 학습설정에서 ‘챌린지 참여 현황 보기’를 선택해 주세요.",
  "t830": "바로가기",
  "t835": "총",
  "t836": "권",
  "t839": "단계 1. 알파벳 학습",
  "t840": "단계 2. 파닉스 학습",
  "t841": "단계 3. 단어 학습",
  "t842": "단계 4. 스토리 읽기",
  "t843": "학습 레벨을 선택하세요.",
  "t844": "선택1. 레벨테스트 보기",
  "t845": "레벨테스트 결과가 학습 레벨로 설정됩니다. 학습 레벨은 언제든 변경할 수 있습니다.",
  "t846": "레벨테스트 시작",
  "t847": "선택2. 레벨 직접 선택하기",
  "t848": "학년에 상관없이 학습하기 쉬워 보이는 레벨을 선택해 주세요. 선택한 학습 레벨은 언제든 변경할 수 있습니다.",
  "t849": "기초 영어 | 미취학",
  "t850": "Alphabet, Phonics, Sight Words 등의 학습을 통해 영어의 소리와 규칙, 패턴 등을 익히는 단계입니다.",
  "t851": "기초 리딩 | 초등 저학년",
  "t852": "일상과 관련된 주제의 반복적인 노출을 통해 기본 어휘와 짧은 스토리를 이해하는 단계입니다.",
  "t853": "기본 리딩 | 초등 고학년",
  "t854": "다양한 주제와 장르를 다루며, 문장이 문단으로 확대되어 읽기 능력이 향상되는 단계입니다.",
  "t855": "심화 리딩 | 중등 이상",
  "t856": "어휘의 볼륨이 증가하며 다양한 시제를 포함하는 문장 패턴을 익히는 독립적인 읽기가 가능한 단계입니다.",
  "t877": "키워드",
  "t878": "기간",
  "t879": "자주 찾는 메뉴",
  "t880": "학습 이용 방법",
  "t881": "랭킹",
  "t882": "신규 도서",
  "t883": "워크북 구매",
  "t884": "리딩게이트 소개",
  "t885": "미래를 여는 행복한 습관! 리딩게이트의 세계에 오신 것을 환영합니다!",
  "t886": "학습 이용 방법",
  "t887": "어렵지 않아요. 차근차근 안내를 따라 학습해 보세요!",
  "t888": "리딩게이트 샵",
  "t889": "샵 바로가기",
  "t890": "워크북 구매하기",
  "t891": "RG 멤버십",
  "t892": "할인 혜택 보기",
  "t893": "이용권 구매하기",
  "t894": "티켓 등록하기",
  "t895": "고객지원",
  "t896": "리딩게이트가 처음이신가요?",
  "t897": "학습 가이드",
  "t898": "이용권 구매 및 티켓등록",
  "t899": "사용환경",
  "t900": "원격지원",
  "t901": "자료실",
  "t902": "이벤트",
  "t903": "랭킹",
  "t904": "친구들과 함께 성장하는 즐거움!",
  "t905": "P북 대여하러 가기",
  "t906": "오디오북 & 이북 제휴",
  "t907": "RG에 빠진 가족",
  "t908": "영어 독서왕 대상 후기",
  "t909": "RG에 빠진 아이들",
  "t910": "슈퍼스타 수상자 인터뷰",
  "t911": "RG인 인터뷰 모아보기",
  "t912": "다독다독 기부캠페인",
  "t913": "후원 완료",
  "t914": "후원 스토리 보기"
}